bm_src_id,vs_type,obs_threshold,cnt,PeriodLS,median_hjd,tile
32340000003977,ECL-NC,69,69,1.0608544798772137,-1.0,b234
32340000004025,RRLyr-RRc,67,65,0.1057528723983031,56379.424548338,b234
32340000005653,ECL-NC,35,35,0.1385130554040139,-1.0,b234
32340000011003,ECL-NC,67,66,1.5503064470072103,-1.0,b234
32340000014452,ECL-C,84,83,0.3112670448822863,-1.0,b234
32340000014689,ECL-C,55,55,0.1902005075475828,-1.0,b234
32340000014980,ECL-ELL,29,67,4.553821765042961,56461.14142839929,b234
32340000015805,ECL-ELL,25,65,0.4134556003736895,56368.83843119464,b234
32340000015991,ECL-NC,66,65,0.1080005196626765,-1.0,b234
32340000017286,RRLyr-RRab,65,67,0.1727092662619864,56461.14142806728,b234
32340000017608,ECL-C,39,39,0.1346879530507743,-1.0,b234
32340000018265,ECL-C,44,44,1.3989411628788997,-1.0,b234
32340000020938,ECL-NC,118,117,0.1957712567306697,-1.0,b234
32340000021389,ECL-NC,132,130,0.4487982125054884,-1.0,b234
32340000022608,ECL-NC,53,131,0.3867707933165754,56276.20179186616,b234
32340000024063,ECL-NC,113,111,1.329485306131274,-1.0,b234
32340000026074,ECL-NC,41,41,0.1146860756217163,-1.0,b234
32340000024991,ECL-C,128,128,0.4077782388226452,-1.0,b234
32340000026792,ECL-NC,61,60,0.1018719851392193,-1.0,b234
32340000028487,ECL-NC,66,64,0.4735532599605961,-1.0,b234
32340000028863,ECL-NC,24,131,0.155145746112698,56368.83781120321,b234
32340000031700,ECL-C,92,91,0.111579085311234,-1.0,b234
32340000033394,ECL-NC,54,54,0.7225711613287689,-1.0,b234
32340000040441,ECL-C,110,108,1.573591700453232,-1.0,b234
32340000042102,RRLyr-RRab,30,66,0.4775524822419762,56421.76831529426,b234
32340000042171,ECL-NC,128,127,0.1594271101504028,-1.0,b234
32340000040972,RRLyr-RRab,22,66,0.5040649956595519,56282.68532291462,b234
32340000041335,ECL-NC,55,131,1.3920041600716917,56421.769241824746,b234
32340000041383,ECL-NC,35,34,0.1089189254527964,-1.0,b234
32340000041386,ECL-C,19,66,0.1692945041400862,56380.911004966765,b234
32340000042889,ECL-NC,16,132,0.4592761867257532,56461.14062203455,b234
32340000043820,ECL-C,103,103,0.3324173154709502,-1.0,b234
32340000045700,ECL-C,115,114,0.1876286553548561,-1.0,b234
32340000046453,ECL-C,66,66,0.2132992179895068,-1.0,b234
32340000046503,ECL-NC,15,66,1.688726100292399,56421.769441068776,b234
32340000046720,ECL-C,33,33,0.1629086494144982,-1.0,b234
32340000046751,ECL-NC,99,99,0.476211164651482,-1.0,b234
32340000048459,ECL-NC,131,131,0.2600064353720827,-1.0,b234
32340000048821,ECL-NC,97,96,0.578313751357781,-1.0,b234
32340000049518,ECL-NC,50,131,0.3208089024324995,56368.31569186053,b234
32340000049754,ECL-NC,124,121,8.335709426392565,-1.0,b234
32340000049765,ECL-C,34,34,0.794687159620716,-1.0,b234
32340000050800,ECL-NC,67,64,0.1173312914144024,56146.11859516951,b234
32340000054961,ECL-C,113,113,0.2110352092466624,-1.0,b234
32340000055091,ECL-NC,72,72,0.2335821310233235,-1.0,b234
32340000055423,ECL-NC,88,87,0.8661375991083385,-1.0,b234
32340000056582,ECL-NC,57,57,0.1085271691786139,56356.07553267546,b234
32340000056657,ECL-C,32,32,0.4532551229160562,-1.0,b234
32340000057292,ECL-NC,124,124,0.9932771602022312,-1.0,b234
32340000057682,ECL-NC,30,30,0.1165416061010657,-1.0,b234
32340000057716,RRLyr-RRc,60,197,0.3066706703672615,56376.37153214161,b234
32340000057887,RRLyr-RRab,65,102,0.4616866232006638,56461.14142722782,b234
32340000059047,ECL-NC,105,131,0.2749893792118483,56379.30765601266,b234
32340000059371,ECL-NC,121,120,0.1329610816118634,-1.0,b234
32340000058691,RRLyr-RRab,86,199,0.5380367963004059,56379.42452524131,b234
32340000059722,ECL-NC,91,90,0.4271885536876928,-1.0,b234
32340000060754,ECL-C,12,132,0.2236650258038694,56421.76922620137,b234
32340000061549,RRLyr-RRab,27,66,0.4308002177070829,56421.76943992308,b234
32340000063678,ECL-NC,48,48,0.1289917660056606,-1.0,b234
32340000065346,ECL-NC,57,57,0.2381154052941881,-1.0,b234
32340000067342,ECL-NC,65,64,0.1300660018565124,-1.0,b234
32340000069677,ECL-NC,128,127,0.1291884145710611,-1.0,b234
32340000069692,RRLyr-RRab,31,67,0.522949184370263,56421.768313736,b234
32340000070727,ECL-NC,129,133,1.3810770669558678,56461.14082607056,b234
32340000071442,ECL-NC,137,137,1.2082105050503031,-1.0,b234
32340000073060,ECL-NC,114,113,0.1638390580183228,-1.0,b234
32340000073533,ECL-NC,96,96,0.5120931270967587,-1.0,b234
32340000074889,ECL-NC,58,58,0.1811120788071337,-1.0,b234
32340000076880,ECL-NC,81,81,0.2659311786188651,-1.0,b234
32340000080567,ECL-NC,92,92,0.1541047246516152,-1.0,b234
32340000081081,ECL-NC,175,174,0.3768907854791782,-1.0,b234
32340000081583,ECL-NC,36,131,0.8249865038861647,56372.3546564633,b234
32340000085629,ECL-C,55,55,0.3786660314712639,-1.0,b234
32340000086733,ECL-NC,82,81,0.2871148245317969,-1.0,b234
32340000088809,ECL-NC,31,64,0.3637750325153009,56421.76944103964,b234
32340000087460,ECL-NC,70,70,0.3498928595513066,-1.0,b234
32340000089433,ECL-ELL,123,122,0.105044049145043,-1.0,b234
32340000091115,ECL-NC,132,130,0.3472476870652075,-1.0,b234
32340000094722,ECL-ELL,134,128,0.5299636572205214,56461.14122493451,b234
32340000095783,ECL-NC,87,87,0.367639368454371,-1.0,b234
32340000097854,ECL-NC,41,41,0.6477321892560354,-1.0,b234
32340000096563,ECL-NC,54,54,0.1403181354922014,-1.0,b234
32340000096875,ECL-NC,89,88,0.1443341735426248,-1.0,b234
32340000097009,ECL-NC,137,135,0.5749262995582461,-1.0,b234
32340000098240,ECL-C,141,140,0.2501168123037719,-1.0,b234
32340000098768,ECL-C,62,61,0.12086580351189,-1.0,b234
32340000098773,RRLyr-RRab,66,210,0.57326490158548,56538.02234691694,b234
32340000102389,ECL-NC,263,260,0.4965758404809874,-1.0,b234
32340000102629,ECL-NC,205,202,0.2621262376989183,-1.0,b234
32340000103427,ECL-C,226,225,0.1796021709602146,-1.0,b234
32340000103909,ECL-NC,67,66,0.1075036768366204,-1.0,b234
32340000106836,RRLyr-RRab,14,133,0.5347351186506641,56421.77029413734,b234
32340000107227,ECL-NC,52,52,0.1193741361423077,-1.0,b234
32340000108684,ECL-NC,134,133,0.3765709916426864,-1.0,b234
32340000107988,RRLyr-RRc,32,131,0.3174017605645487,56375.350374444046,b234
32340000112648,ECL-NC,132,128,0.8487149590473512,-1.0,b234
32340000110633,ECL-NC,200,197,0.2492010521469978,56197.055566701725,b234
32340000113715,ECL-C,134,132,0.3546300531882487,56127.61762314456,b234
32340000113774,ECL-NC,54,53,2.273547399660215,-1.0,b234
32340000114950,ECL-NC,54,195,0.8494881651420709,56375.35015219739,b234
32340000116008,ECL-NC,128,127,0.9368898398566526,-1.0,b234
32340000116678,RRLyr-RRab,21,126,0.4685300956718142,56379.425726262896,b234
32340000117966,RRLyr-RRab,19,133,0.4555292061283102,56382.39949028945,b234
32340000120039,ECL-C,62,62,0.1069491914473579,-1.0,b234
32340000119313,ECL-NC,124,124,0.2067535943765685,-1.0,b234
32340000122943,ECL-NC,46,46,0.1078369069325959,-1.0,b234
32340000123185,RRLyr-RRab,17,133,0.6659591803170699,56421.77032391203,b234
32340000123539,ECL-ELL,133,132,0.1011054266577408,-1.0,b234
32340000123701,ECL-NC,128,127,0.3652141202748606,-1.0,b234
32340000123830,ECL-ELL,11,133,0.2256732723662585,56382.39915685619,b234
32340000125362,ECL-C,109,108,0.1343032159721797,-1.0,b234
32340000127397,ECL-NC,135,130,2.6180508018919304,56379.31115842676,b234
32340000127659,ECL-NC,64,64,0.1270895016032031,-1.0,b234
32340000128436,ECL-NC,120,120,0.113597679766686,-1.0,b234
32340000130196,ECL-NC,67,65,12.275185380775929,56379.42536749123,b234
32340000132907,RRLyr-RRab,63,134,0.494731300036421,56382.39947046925,b234
32340000132956,ECL-NC,98,98,0.1143261107045771,-1.0,b234
32340000133279,ECL-NC,12,134,0.4176408136076145,56421.770845159015,b234
32340000133913,ECL-C,132,131,0.6199139007875597,-1.0,b234
32340000138599,ECL-NC,134,131,1.2438282560280918,56115.145225295,b234
32340000136828,RRLyr-RRab,22,132,0.4777237317534106,56382.3984081751,b234
32340000139394,ECL-NC,4,66,0.1262019204657051,56127.61703853615,b234
32340000142340,RRLyr-RRab,33,198,0.6562110240525819,56382.399456908905,b234
32340000145356,ECL-NC,130,127,1.2890511075986826,56249.714992080975,b234
32340000145446,ECL-NC,101,100,0.1215115950703575,-1.0,b234
32340000145848,ECL-NC,125,123,0.2291731127967215,-1.0,b234
32340000147564,ECL-NC,197,194,0.3184315522258761,-1.0,b234
32340000147581,RRLyr-RRab,10,133,0.6084261203365646,56382.39882563275,b234
32340000146349,ECL-NC,122,121,0.3329037745819533,-1.0,b234
32340000146423,RRLyr-RRab,18,133,0.5570656114349644,56382.39943411335,b234
32340000146550,ECL-C,128,197,0.1410568661561243,56375.34997208173,b234
32340000148845,ECL-NC,106,104,0.2260124118842099,-1.0,b234
32340000149132,ECL-C,106,106,0.2216605125440516,-1.0,b234
32340000147999,RRLyr-RRab,26,133,0.5622382500659858,56421.770294385584,b234
32340000150381,ECL-NC,23,133,0.4009399513780667,56421.77030994416,b234
32340000149293,ECL-NC,45,45,0.5016244173293007,-1.0,b234
32340000151843,ECL-NC,141,139,0.7125223411784058,-1.0,b234
32340000152334,ECL-NC,34,34,1.2002818498556358,-1.0,b234
32340000152568,RRLyr-RRc,34,133,0.3987795163992833,56382.399486728034,b234
32340000152833,ECL-NC,57,57,0.1674400808168893,-1.0,b234
32340000153606,ECL-NC,42,42,0.1552053710648152,-1.0,b234
32340000154358,ECL-NC,19,132,6.405857709375852,56421.77063723066,b234
32340000155449,ECL-NC,133,129,1.156797594200618,-1.0,b234
32340000155504,ECL-NC,100,100,0.2495544750732056,-1.0,b234
32340000155651,ECL-NC,132,131,0.3549000182208995,-1.0,b234
32340000158114,ECL-NC,24,194,0.4003547321221603,56382.39912435097,b234
32340000158120,ECL-NC,69,68,0.1008172927804839,-1.0,b234
32340000158142,ECL-C,192,190,0.3097471397281992,-1.0,b234
32340000158175,RRLyr-RRab,9,134,0.6006270833496242,56382.399494607664,b234
32340000159327,ECL-C,125,124,0.1922514892106405,-1.0,b234
32340000160405,ECL-NC,74,74,0.1165816832649544,-1.0,b234
32340000159461,ECL-NC,121,119,0.381485609693168,-1.0,b234
32340000162699,ECL-NC,133,133,0.2071394414842958,-1.0,b234
32340000161539,ECL-NC,39,39,0.3485683679827629,-1.0,b234
32340000161615,ECL-NC,120,119,0.6648670283254133,-1.0,b234
32340000161618,ECL-C,96,96,0.2546871228593661,-1.0,b234
32340000161651,ECL-NC,102,101,0.4260369010672876,-1.0,b234
32340000164225,ECL-NC,65,64,0.1466195388167546,56114.114649473086,b234
32340000164314,ECL-NC,133,132,0.3237606792855672,-1.0,b234
32340000165754,ECL-NC,16,134,0.1405232661689564,56382.39946569513,b234
32340000166065,ECL-ELL,129,133,0.4224086251938831,56461.141816684176,b234
32340000166507,ECL-C,133,131,0.196108841314973,-1.0,b234
32340000166804,ECL-NC,198,195,0.2598687088988422,-1.0,b234
32340000167245,ECL-NC,129,128,0.1763779934740534,-1.0,b234
32340000167358,RRLyr-RRab,20,132,0.5664737729267973,56379.31111884305,b234
32340000168147,ECL-ELL,22,132,0.1610405503151328,56421.77029378247,b234
32340000168235,ECL-ELL,196,195,2.2656380242502028,-1.0,b234
32340000168470,ECL-NC,131,131,1.066435452825479,-1.0,b234
32340000169334,ECL-NC,72,71,0.1106010213020347,-1.0,b234
32340000169451,ECL-NC,102,102,0.1406271115185293,-1.0,b234
32340000170064,ECL-NC,129,127,0.9292336334572228,-1.0,b234
32340000170570,ECL-NC,161,160,0.196406291656892,-1.0,b234
32340000171647,ECL-ELL,130,129,0.4707061375625712,-1.0,b234
32340000173998,ECL-NC,133,133,0.8642110386966178,-1.0,b234
32340000175868,ECL-C,21,117,0.1332289538201343,56379.309524372125,b234
32340000176496,ECL-C,47,47,0.1051171959692017,-1.0,b234
32340000175406,ECL-NC,47,47,0.1593588581656596,-1.0,b234
32340000177735,ECL-C,34,34,0.1020280328194309,-1.0,b234
32340000178294,ECL-NC,62,61,0.4229450157257003,-1.0,b234
32340000178456,ECL-NC,190,189,0.6437968730888524,-1.0,b234
32340000179676,ECL-NC,185,183,0.1878176287999722,-1.0,b234
32340000180814,ECL-NC,22,129,1.22374944391444,56368.83932344396,b234
32340000183752,RRLyr-RRab,29,195,0.5504231590634604,56369.36167222155,b234
32340000183969,ECL-C,131,131,0.1699424670451914,-1.0,b234
32340000184434,ECL-ELL,67,65,0.13921617239383,56375.86096719962,b234
32340000185570,ECL-C,125,123,0.1541199843597483,-1.0,b234
32340000185687,ECL-C,123,122,0.1656435309312452,-1.0,b234
32340000186136,ECL-NC,61,61,0.2945701676598486,-1.0,b234
32340000188667,ECL-C,16,66,0.209668486628574,56421.76998642958,b234
32340000188750,ECL-C,133,133,0.2485434052967563,56115.144790995255,b234
32340000189737,ECL-NC,55,132,0.9557107291398924,56382.39944325483,b234
32340000190926,ECL-C,52,52,0.1815744829529073,-1.0,b234
32340000191299,ECL-NC,83,83,0.3741533721418059,-1.0,b234
32340000191338,ECL-C,66,66,0.4456662851969084,-1.0,b234
32340000191503,ECL-ELL,26,134,0.2606604754895874,56369.3620945093,b234
32340000192870,ECL-NC,78,78,0.1060668531356262,-1.0,b234
32340000192896,ECL-NC,64,62,0.6341208314794523,-1.0,b234
32340000194691,ECL-NC,60,59,0.1062266054600956,-1.0,b234
32340000196241,ECL-C,55,54,0.1115377216791157,-1.0,b234
32340000197158,ECL-C,295,293,0.1216258007961803,-1.0,b234
32340000198684,ECL-C,24,265,0.1684231856822083,56382.39949120819,b234
32340000199635,ECL-NC,127,127,0.1387460955285089,-1.0,b234
32340000198567,ECL-NC,245,240,0.3561608868880811,-1.0,b234
32340000200560,ECL-NC,221,219,0.1088388975710234,-1.0,b234
32340000201010,ECL-NC,239,236,0.2477313297862392,-1.0,b234
32340000201026,ECL-NC,65,64,0.1039247840648838,-1.0,b234
32340000201207,ECL-NC,238,237,0.2063283166549794,-1.0,b234
32340000201737,ECL-NC,94,94,0.2858646982097991,-1.0,b234
32340000202630,ECL-NC,349,347,0.3901207008205262,-1.0,b234
32340000204291,ECL-NC,82,81,0.1237018124654986,-1.0,b234
32340000204508,ECL-NC,101,237,0.1399769802619596,56461.141035509725,b234
32340000204714,ECL-NC,50,49,0.2244726248407417,-1.0,b234
32340000205446,ECL-NC,89,87,0.102715540800708,-1.0,b234
32340000205663,ECL-NC,126,125,0.518932992450068,-1.0,b234
32340000206207,ECL-NC,131,130,0.5260766783634468,-1.0,b234
32340000206346,ECL-C,160,159,0.2072315524570549,-1.0,b234
32340000206443,RRLyr-RRab,32,199,0.4493606247540747,56375.34872488806,b234
32340000207249,ECL-NC,131,131,0.2640111589305801,-1.0,b234
32340000208042,ECL-NC,114,113,0.3660313747529177,-1.0,b234
32340000208291,ECL-NC,68,68,0.4988069156224545,-1.0,b234
32340000208483,ECL-NC,30,204,0.3894686104871911,56551.100302766856,b234
32340000210769,ECL-NC,132,130,0.1312431045535422,-1.0,b234
32340000211628,ECL-NC,91,91,0.1358414170359851,-1.0,b234
32340000213406,ECL-C,132,131,0.3605261072037193,56115.14353721971,b234
32340000213591,ECL-NC,31,131,2.0681507416251064,56379.42284919685,b234
32340000213790,ECL-C,84,84,0.1021610889836912,-1.0,b234
32340000211938,RRLyr-RRc,24,133,0.2845300907703861,56375.86006197744,b234
32340000215391,ECL-NC,20,131,0.343588199716621,56199.041657720256,b234
32340000216125,ECL-NC,67,64,0.1012602088080473,56421.76943595064,b234
32340000216857,ECL-NC,133,131,0.5624077957097419,-1.0,b234
32340000219501,ECL-C,64,64,0.1044065669136061,-1.0,b234
32340000219978,ECL-C,17,131,0.1606992119005729,56377.83918400825,b234
32340000220072,ECL-NC,128,127,0.2612521379762224,-1.0,b234
32340000221321,ECL-NC,27,132,0.1676237459280273,56382.39743436124,b234
32340000221885,ECL-C,132,131,0.1730683365473347,-1.0,b234
32340000222064,ECL-NC,75,74,0.206698642089763,-1.0,b234
32340000223945,ECL-NC,125,124,0.1471123098646597,-1.0,b234
32340000224027,ECL-NC,198,197,0.1336107850334443,-1.0,b234
32340000226402,ECL-NC,133,131,0.3414243343325041,-1.0,b234
32340000226551,ECL-NC,34,138,0.5073563663294631,56379.30796127612,b234
32340000224798,ECL-C,127,127,0.1224338087399719,-1.0,b234
32340000226941,ECL-NC,35,198,0.145385153319034,56375.34873164946,b234
32340000227272,ECL-NC,128,127,1.546706630486556,-1.0,b234
32340000227666,ECL-NC,134,129,0.4957308682980269,56421.76921770384,b234
32340000228009,ECL-NC,89,89,0.2228312198848882,-1.0,b234
32340000228199,RRLyr-RRab,133,133,0.5566998698962741,-1.0,b234
32340000228269,RRLyr-RRc,112,131,0.4072618106459421,56461.14102054927,b234
32340000229166,RRLyr-RRab,19,132,0.6251087362885627,56461.140626343455,b234
32340000229460,ECL-NC,115,114,0.1534150876946387,-1.0,b234
32340000229476,ECL-NC,15,131,0.2720290898750505,56461.14103698172,b234
32340000229598,ECL-NC,38,188,0.6864525762929962,56538.02130022418,b234
32340000229795,ECL-C,131,131,0.4034554709603016,-1.0,b234
32340000231992,ECL-NC,133,133,0.1163083217464286,56110.1204116396,b234
32340000232314,ECL-NC,32,32,0.1076775374991433,-1.0,b234
32340000231087,ECL-NC,12,131,0.3165613102853434,56461.141036507055,b234
32340000231586,ECL-NC,117,115,0.1066040631035281,-1.0,b234
32340000233199,ECL-NC,127,127,0.1940236740593504,-1.0,b234
32340000235021,RRLyr-RRab,22,132,0.5860925416595828,56379.4219428652,b234
32340000236208,ECL-NC,192,190,0.3112775449368013,-1.0,b234
32340000236572,ECL-NC,133,131,0.3537154296146202,-1.0,b234
32340000237983,ECL-NC,56,55,0.1001799127867546,-1.0,b234
32340000238068,RRLyr-RRab,42,134,0.6571823737206608,56461.14062446108,b234
32340000240462,ECL-C,67,66,0.1776447925984781,56145.08602706333,b234
32340000240914,ECL-NC,131,130,0.3408252919328945,-1.0,b234
32340000241166,ECL-NC,34,34,1.830262183010764,-1.0,b234
32340000241441,ECL-NC,43,67,0.185353490823272,56461.141433770914,b234
32340000243181,ECL-NC,58,58,0.3001068964031593,-1.0,b234
32340000244296,ECL-NC,134,131,0.1494130407643246,56197.05478801253,b234
32340000244167,ECL-C,30,133,0.4019251895600942,56172.10935951148,b234
32340000244995,RRLyr-RRab,14,132,0.5089069828283259,56379.4244724463,b234
32340000245586,RRLyr-RRab,19,133,0.6021787774152285,56461.14083054549,b234
32340000245934,ECL-NC,66,66,0.116691154154546,-1.0,b234
32340000246317,ECL-NC,19,193,0.409299761244048,56499.58135656425,b234
32340000250147,ECL-NC,130,130,0.4221217693495188,-1.0,b234
32340000250272,ECL-C,100,100,0.1686301853443406,-1.0,b234
32340000249325,ECL-NC,124,122,0.110599732261378,-1.0,b234
32340000249482,ECL-NC,77,77,0.235988199594037,-1.0,b234
32340000249494,ECL-NC,53,131,0.164847037936739,56368.3154747682,b234
32340000251187,ECL-NC,132,131,0.7431890659742045,-1.0,b234
32340000251208,ECL-NC,40,40,0.1212274786449228,-1.0,b234
32340000251348,ECL-NC,200,196,0.3816106707165724,56376.3711010892,b234
32340000252151,ECL-NC,65,65,0.1059355459091714,-1.0,b234
32340000252722,ECL-C,82,81,0.1456508023738681,-1.0,b234
32340000255451,ECL-NC,195,191,0.2607553442237889,-1.0,b234
32340000254412,ECL-NC,119,119,0.1131565865984564,-1.0,b234
32340000256055,ECL-C,131,130,0.1921881159871827,-1.0,b234
32340000256100,ECL-NC,66,65,0.2133284974678176,56145.08602531055,b234
32340000256967,ECL-NC,129,135,0.5442548340542387,56382.39608207016,b234
32340000259154,ECL-NC,86,86,0.2392763888676536,-1.0,b234
32340000261379,ECL-NC,43,43,0.1605122096106355,-1.0,b234
32340000261538,ECL-NC,131,131,0.1960305350793035,-1.0,b234
32340000260746,ECL-C,125,124,0.1011778520921917,-1.0,b234
32340000261700,ECL-C,50,133,0.1264844534672241,56369.36091024896,b234
32340000262859,ECL-NC,120,120,0.1183334473357547,-1.0,b234
32340000263257,ECL-NC,133,130,0.3773024574002659,56551.10033584962,b234
32340000264253,ECL-C,79,78,0.1690490096027831,-1.0,b234
32340000265359,ECL-NC,95,95,1.0449243571360989,-1.0,b234
32340000265408,ECL-C,71,70,0.1957506969205085,-1.0,b234
32340000265514,RRLyr-RRab,53,167,0.569657750342276,56461.1410277079,b234
32340000267138,ECL-C,173,172,0.1949322927656928,-1.0,b234
32340000267553,ECL-C,134,132,0.2621187270488661,-1.0,b234
32340000268966,ECL-NC,80,79,0.1090361289010865,-1.0,b234
32340000269320,ECL-ELL,31,134,0.1788305043380063,56461.140624837775,b234
32340000269920,ECL-NC,46,130,0.6051096012760011,56376.371096168165,b234
32340000270002,ECL-NC,57,56,0.2719021035311111,-1.0,b234
32340000270757,ECL-NC,128,126,0.499261065108822,56746.40316784148,b234
32340000270853,RRLyr-RRab,38,132,0.5526414789179501,56461.14083085289,b234
32340000271101,ECL-NC,58,58,0.2075695384185494,-1.0,b234
32340000271469,ECL-NC,57,57,0.2298000279094542,-1.0,b234
32340000271790,ECL-C,58,57,0.5290914559049097,-1.0,b234
32340000272062,ECL-NC,55,55,0.1109636606634897,-1.0,b234
32340000274509,ECL-NC,97,96,0.2951110061621636,-1.0,b234
32340000274515,ECL-NC,123,122,0.1903986389224739,-1.0,b234
32340000274519,ECL-NC,133,132,1.3866221333327355,56160.129370833296,b234
32340000275086,ECL-NC,49,48,0.2866996274461159,-1.0,b234
32340000275450,ECL-NC,43,43,0.2083939382849977,-1.0,b234
32340000275771,RRLyr-RRab,14,66,0.6382442860180843,56421.76943464462,b234
32340000275861,ECL-C,166,165,0.1886040425411603,-1.0,b234
32340000276115,ECL-C,95,95,0.1842293078774963,-1.0,b234
32340000276941,ECL-NC,29,137,2.6034325305324417,56379.30798178144,b234
32340000278546,ECL-NC,91,90,0.1179442843350332,-1.0,b234
32340000279701,ECL-NC,76,76,0.1107100023015381,-1.0,b234
32340000279883,ECL-C,181,179,0.158322677871884,-1.0,b234
32340000278855,ECL-NC,66,66,0.2048414013157106,-1.0,b234
32340000281882,ECL-ELL,48,129,4.748626716033748,56461.14103283902,b234
32340000281898,ECL-C,14,66,0.3131170682430517,56461.14143441161,b234
32340000282456,ECL-C,47,47,0.1288135703592678,-1.0,b234
32340000282505,ECL-NC,109,132,0.1202609945744534,56379.3080000183,b234
32340000282570,ECL-NC,102,101,0.2652427317367886,-1.0,b234
32340000283054,RRLyr-RRab,17,66,0.6560261523009848,56421.76943516426,b234
32340000283589,ECL-C,188,187,0.1558120392461202,-1.0,b234
32340000284988,ECL-C,110,110,0.1802930947558171,-1.0,b234
32340000285944,ECL-C,133,132,0.2355173152703343,-1.0,b234
32340000286800,ECL-C,90,90,0.2276846466371937,-1.0,b234
32340000286813,ECL-NC,66,66,0.1247315326206742,-1.0,b234
32340000287478,RRLyr-RRab,33,145,0.55613532955317,56379.42191696052,b234
32340000287566,ECL-C,47,47,0.2586822469164768,-1.0,b234
32340000287945,ECL-NC,66,66,0.1400567909603502,-1.0,b234
32340000288993,ECL-NC,99,99,0.1825414352544057,-1.0,b234
32340000290845,ECL-NC,77,127,0.4278158437182233,56379.42195466274,b234
32340000289610,ECL-NC,120,119,0.1213376571060567,-1.0,b234
32340000291721,ECL-NC,119,126,0.1079143032765325,56379.36625184506,b234
32340000292040,RRLyr-RRc,31,66,0.3193694096562239,56421.76943529521,b234
32340000292560,ECL-NC,18,133,0.1600290300432325,56461.14062271108,b234
32340000293019,ECL-C,114,112,0.1214435393460589,-1.0,b234
32340000293200,ECL-NC,43,129,4.374372216005591,56461.14143349163,b234
32340000295288,ECL-NC,19,135,1.1907751925384005,56379.421961539694,b234
32340000295339,ECL-C,132,131,0.1928000845697648,-1.0,b234
32340000296318,ECL-NC,248,246,0.2203095305531324,-1.0,b234
32340000297500,ECL-NC,199,196,0.2894765506194737,-1.0,b234
32340000299012,ECL-NC,45,45,0.2639583886116988,-1.0,b234
32340000300504,ECL-NC,143,141,0.946015499639946,-1.0,b234
32340000301044,ECL-NC,225,225,0.136103181623496,-1.0,b234
32340000302776,ECL-NC,159,159,0.1934762265358908,-1.0,b234
32340000303142,ECL-C,247,245,0.1959358033336722,-1.0,b234
32340000303787,ECL-NC,208,206,0.3118708480692529,-1.0,b234
32340000306115,ECL-C,127,126,0.1582285807883515,56126.65587954613,b234
32340000306606,ECL-NC,200,195,1.5547011891327291,56375.35056167816,b234
32340000308585,ECL-NC,59,59,0.3513164070346785,-1.0,b234
32340000308730,ECL-NC,114,112,0.253647919665203,-1.0,b234
32340000309427,ECL-NC,23,65,0.6407881629888481,56372.35565616008,b234
32340000313031,ECL-NC,36,36,0.1217555062997503,-1.0,b234
32340000314574,ECL-NC,58,65,0.1108534561952759,56382.398128875815,b234
32340000314965,RRLyr-RRab,31,132,0.47944325846143,56375.350722690615,b234
32340000315272,ECL-C,38,132,0.1284356634875914,56376.37190199411,b234
32340000315856,ECL-ELL,25,132,2.148196249962937,56461.1418295062,b234
32340000317860,ECL-C,115,114,0.1659560675410536,-1.0,b234
32340000318728,ECL-NC,135,131,0.197764229340398,56114.62993652375,b234
32340000318786,ECL-C,117,114,0.2839235201299103,56115.1445851701,b234
32340000319166,ECL-NC,139,139,0.303180693072514,56115.1452342013,b234
32340000320140,RRLyr-RRab,28,133,0.532871033442332,56382.39880791854,b234
32340000320310,ECL-NC,127,125,0.22897619021217,-1.0,b234
32340000321534,ECL-NC,82,81,0.1009318705745404,-1.0,b234
32340000322165,ECL-NC,91,90,13.214587402235498,-1.0,b234
32340000322176,ECL-NC,106,106,0.4173417312484315,-1.0,b234
32340000322322,ECL-NC,97,97,0.1183589601921068,-1.0,b234
32340000324033,ECL-C,107,107,0.1142897042610526,-1.0,b234
32340000324307,ECL-NC,46,46,0.1078269154882247,-1.0,b234
32340000325613,ECL-C,128,128,0.1427476930033554,-1.0,b234
32340000325943,ECL-NC,32,32,1.2415089844337557,-1.0,b234
32340000328779,ECL-NC,72,72,0.4927184623848915,-1.0,b234
32340000329189,ECL-C,66,66,0.1033889732611711,-1.0,b234
32340000329868,ECL-NC,89,199,0.7352774373572789,56379.31030576961,b234
32340000332453,ECL-NC,119,119,0.126366155654868,-1.0,b234
32340000333173,RRLyr-RRab,24,200,0.448560718284081,56382.399141872,b234
32340000333286,ECL-NC,54,53,0.8649440909580216,-1.0,b234
32340000333769,ECL-NC,132,131,0.2783716200141848,-1.0,b234
32340000334756,ECL-NC,201,194,0.4474414486174306,56421.77065492585,b234
32340000335662,RRLyr-RRab,24,133,0.4956517391787916,56382.39846295325,b234
32340000335665,ECL-NC,61,60,0.3129625469148707,-1.0,b234
32340000335670,ECL-NC,49,48,0.1108574097928374,-1.0,b234
32340000336245,ECL-NC,40,40,0.2037091879373536,-1.0,b234
32340000337423,ECL-NC,21,132,0.3998224851675915,56461.14182894888,b234
32340000338166,ECL-NC,134,131,0.5722796600770228,-1.0,b234
32340000338715,ECL-NC,116,115,0.1130577593229596,-1.0,b234
32340000341396,ECL-NC,38,38,0.1073417853465877,-1.0,b234
32340000342574,ECL-NC,140,134,0.4326593460175127,56382.39810879837,b234
32340000343143,ECL-NC,132,131,0.9566912818759836,-1.0,b234
32340000343528,ECL-NC,129,127,7.945066172720236,-1.0,b234
32340000343876,ECL-NC,110,109,0.1207484364016024,-1.0,b234
32340000346992,ECL-C,129,129,0.1809087405667141,-1.0,b234
32340000347800,ECL-C,132,131,0.2593771065769958,-1.0,b234
32340000348400,ECL-NC,66,66,0.2492342649939632,-1.0,b234
32340000350504,RRLyr-RRab,27,133,0.5357797812343889,56382.39846384628,b234
32340000349952,ECL-C,107,107,0.1028450310398373,-1.0,b234
32340000349999,ECL-NC,169,167,0.9740811220992076,-1.0,b234
32340000351220,ECL-NC,68,65,31.017326744384928,56461.14183206034,b234
32340000351858,RRLyr-RRab,28,128,0.6192963217647016,56379.4261077796,b234
32340000352120,ECL-ELL,34,132,1.3936683922024562,56382.39875697994,b234
32340000352477,RRLyr-RRab,17,134,0.5480613428836093,56382.399109001686,b234
32340000353620,ECL-NC,131,130,0.198754896872684,-1.0,b234
32340000353189,ECL-NC,62,62,0.2701376319454009,-1.0,b234
32340000353317,ECL-NC,132,131,0.3249566762317269,-1.0,b234
32340000354414,ECL-NC,134,129,0.4916791330343013,56160.13037721643,b234
32340000355395,ECL-C,144,142,0.1284817006858944,-1.0,b234
32340000355528,ECL-NC,90,88,1.3827154317743706,-1.0,b234
32340000355689,ECL-NC,120,119,0.4117213094283293,-1.0,b234
32340000356719,ECL-C,44,44,0.1028030532222126,-1.0,b234
32340000356919,ECL-NC,127,125,0.7832019666692869,-1.0,b234
32340000358029,ECL-ELL,67,65,0.3911348621594197,56369.361340200936,b234
32340000358323,ECL-NC,133,132,0.6137928155320969,56131.11436587274,b234
32340000361024,ECL-C,115,114,0.1612103865684627,-1.0,b234
32340000361126,ECL-C,16,133,0.1924300247273034,56461.141830696615,b234
32340000361158,ECL-C,133,132,0.163744121996294,-1.0,b234
32340000361485,ECL-C,119,117,0.1600042823752963,-1.0,b234
32340000361675,ECL-NC,74,74,0.3109971167892608,-1.0,b234
32340000361966,ECL-NC,105,104,0.1065066548499686,-1.0,b234
32340000362071,ECL-NC,163,162,0.233179098976154,-1.0,b234
32340000362127,ECL-C,128,128,0.3441588201073252,-1.0,b234
32340000362303,ECL-NC,129,129,0.1197974498373675,-1.0,b234
32340000362755,ECL-C,200,196,0.1469407546958812,56145.089685314655,b234
32340000362761,ECL-NC,12,134,0.3297370215315692,56382.39913579954,b234
32340000363166,ECL-NC,118,117,1.2985658136643223,-1.0,b234
32340000363190,RRLyr-RRc,203,198,0.2925187856269029,56145.08646678982,b234
32340000363460,ECL-NC,132,131,0.2306698038627155,-1.0,b234
32340000364359,ECL-C,112,112,0.1887032085427596,-1.0,b234
32340000364365,ECL-NC,135,132,0.1718942161734926,56160.13093091269,b234
32340000364633,RRLyr-RRab,17,133,0.6161859293017601,56421.77031555897,b234
32340000365193,ECL-NC,135,134,0.2146001200810179,56115.1452360466,b234
32340000365788,SP_ECL-NC,130,130,0.1931355390946625,-1.0,b234
32340000366853,ECL-NC,132,130,0.2388779120077373,-1.0,b234
32340000368988,ECL-NC,86,85,0.2030747971529972,56115.14523579364,b234
32340000369493,ECL-NC,36,36,0.2354186395885577,-1.0,b234
32340000370622,ECL-NC,16,133,0.1369627482698078,56379.42529018579,b234
32340000371361,ECL-C,17,133,0.1577975105209074,56369.36208874617,b234
32340000371475,ECL-NC,83,83,0.7744851672047878,-1.0,b234
32340000372185,ECL-NC,104,101,0.1661452574967438,-1.0,b234
32340000372207,ECL-ELL,119,117,0.1812075743490557,-1.0,b234
32340000373397,ECL-NC,43,42,0.4492088158584296,-1.0,b234
32340000373402,ECL-NC,130,128,5.59821260070926,56115.14438150225,b234
32340000373827,ECL-ELL,132,131,0.2036736281677216,-1.0,b234
32340000374299,ECL-NC,110,109,0.6089028934822026,-1.0,b234
32340000374881,ECL-NC,91,89,0.1061296248204385,-1.0,b234
32340000376724,ECL-NC,139,138,0.7914452467199612,-1.0,b234
32340000376940,ECL-NC,135,134,0.1565391552923502,56131.11416045401,b234
32340000377069,ECL-C,128,127,0.2012645174640492,-1.0,b234
32340000377127,ECL-C,130,129,0.2284040412705256,-1.0,b234
32340000376270,ECL-NC,62,61,0.1572545675416977,-1.0,b234
32340000377641,ECL-NC,198,197,0.1765717517741119,-1.0,b234
32340000378972,ECL-NC,133,132,14.809681062005366,-1.0,b234
32340000380623,ECL-C,17,194,0.1244934020278267,56461.14260781803,b234
32340000380753,ECL-NC,142,139,0.1557963552598908,56379.36857660897,b234
32340000381520,ECL-ELL,54,66,0.27422906767386,56377.84074222036,b234
32340000381546,ECL-C,132,130,0.5268197635814251,56159.05653496375,b234
32340000381653,ECL-NC,134,130,0.1232624172957195,56813.20703591177,b234
32340000382901,ECL-C,106,104,0.2594059115798749,-1.0,b234
32340000383804,ECL-NC,59,59,0.1656909382825622,-1.0,b234
32340000384286,ECL-C,201,200,0.504419630921791,56129.1895318814,b234
32340000384629,ECL-C,117,117,0.2936703189355285,-1.0,b234
32340000387098,ECL-C,12,134,0.1455712084637092,56379.368599370966,b234
32340000387483,ECL-NC,49,131,0.2346282857147454,56369.36209961873,b234
32340000387776,ECL-NC,124,124,0.3319319680331199,55765.66371982048,b234
32340000389850,RRLyr-RRab,23,133,0.4722557212936196,56382.398761332806,b234
32340000390155,ECL-NC,140,137,0.4109410726180519,56375.861529921865,b234
32340000390250,ECL-C,12,134,0.1727028868242447,56372.35583246518,b234
32340000392633,ECL-NC,132,132,0.5754938187208456,56255.79437367445,b234
32340000393194,ECL-NC,136,131,0.4066933198884096,56461.141826501385,b234
32340000393651,ECL-C,133,132,0.1387232611698561,-1.0,b234
32340000393856,ECL-NC,134,131,0.3437021213826571,56160.13095635603,b234
32340000394190,ECL-C,93,93,0.1832985055031347,-1.0,b234
32340000395342,ECL-C,133,132,0.1984587418688912,-1.0,b234
32340000395418,ECL-NC,200,199,0.2822989781259491,56382.39942692596,b234
32340000395750,ECL-NC,13,66,0.2897733570995766,56421.76997759483,b234
32340000398284,ECL-NC,87,87,0.1848611941150777,-1.0,b234
32340000398378,ECL-C,268,260,0.5376955797511866,56461.14102973538,b234
32340000398801,ECL-NC,143,143,0.2042851322677119,-1.0,b234
32340000399223,ECL-NC,263,262,0.1075012888798597,-1.0,b234
32340000399489,ECL-NC,254,251,3.680308925252539,-1.0,b234
32340000400306,ECL-C,373,370,0.2643032167437327,-1.0,b234
32340000401107,ECL-NC,177,176,0.1218641748125838,-1.0,b234
32340000401462,ECL-NC,234,234,0.1064568317879801,-1.0,b234
32340000401531,RRLyr-RRab,18,391,0.5678195153669244,56461.14162161057,b234
32340000403304,ECL-NC,382,376,0.2870352180835395,-1.0,b234
32340000403724,ECL-NC,244,240,0.2163530330201786,-1.0,b234
32340000404804,ECL-NC,254,251,0.4964702949384288,56131.114369801,b234
32340000405771,ECL-NC,84,84,0.9815666507430671,-1.0,b234
32340000406178,ECL-NC,73,130,0.4927444805544389,56379.30832811624,b234
32340000406559,ECL-ELL,30,131,4.434704871457805,56461.14104054696,b234
32340000407230,ECL-C,134,133,0.3581580838042789,56115.14354373312,b234
32340000407328,ECL-C,103,101,0.1762813671364378,-1.0,b234
32340000408240,ECL-NC,196,195,0.1574724238560698,-1.0,b234
32340000408780,ECL-NC,134,131,2.232548190277924,56159.054552557136,b234
32340000409853,ECL-NC,127,127,0.840604691857388,-1.0,b234
32340000410036,ECL-NC,66,128,0.4338471344249877,56369.36086902396,b234
32340000410087,ECL-NC,74,73,0.2482985342630267,-1.0,b234
32340000410333,ECL-NC,73,72,0.2341628239624758,-1.0,b234
32340000410415,ECL-NC,111,127,2.501463156982348,56379.30837729327,b234
32340000410471,ECL-NC,130,130,0.1131950238700004,-1.0,b234
32340000411441,ECL-C,105,103,0.2017697513947306,-1.0,b234
32340000411605,ECL-C,129,128,0.2353865177179692,-1.0,b234
32340000412961,ECL-NC,67,66,0.3883007694284439,56126.65453897468,b234
32340000414555,ECL-NC,58,57,0.1206880233303404,-1.0,b234
32340000414602,ECL-NC,105,105,0.2702551235454503,-1.0,b234
32340000415482,ECL-ELL,130,129,0.1002930848671467,-1.0,b234
32340000417227,ECL-NC,71,71,0.2474354797344646,-1.0,b234
32340000417762,ECL-C,126,125,0.1874212468871094,-1.0,b234
32340000417934,ECL-C,109,108,0.2070290689579693,-1.0,b234
32340000418761,ECL-NC,15,133,0.3273524535086171,56461.14063076276,b234
32340000420106,RRLyr-RRab,16,133,0.4900512659587552,56379.42448463597,b234
32340000420808,ECL-ELL,10,133,0.1098997494294189,56461.14103062367,b234
32340000423307,ECL-C,63,63,0.2535513329346595,-1.0,b234
32340000423680,ECL-NC,68,68,0.1186103834542672,-1.0,b234
32340000424927,ECL-NC,53,53,0.2567299204849632,-1.0,b234
32340000425472,ECL-NC,29,132,1.5778524873830244,56369.3608954148,b234
32340000425931,ECL-C,130,130,0.1765817858014801,-1.0,b234
32340000426523,RRLyr-RRab,16,134,0.4852316077934258,56461.14062870677,b234
32340000430276,ECL-ELL,44,133,0.1300025117819929,56461.140629835645,b234
32340000430628,ECL-C,36,36,0.1776823100903638,-1.0,b234
32340000431231,ECL-NC,114,114,0.2310986223909723,-1.0,b234
32340000431506,ECL-NC,49,49,0.6434957428771264,-1.0,b234
32340000432162,ECL-NC,95,95,0.1813203245006632,-1.0,b234
32340000433369,ECL-NC,33,132,0.7384218731547514,56379.42446473464,b234
32340000434195,ECL-C,79,79,0.385571377355297,-1.0,b234
32340000434319,ECL-C,128,126,0.2044551875363358,-1.0,b234
32340000434864,RRLyr-RRab,121,134,2.727563639588686,56421.769196354566,b234
32340000436109,ECL-NC,133,131,0.357102000715504,-1.0,b234
32340000438589,ECL-C,134,134,0.1752773037998223,56115.14333786469,b234
32340000438595,ECL-NC,34,132,0.1450323893763486,56159.05454564439,b234
32340000440129,ECL-NC,130,129,0.2541249395313739,-1.0,b234
32340000441025,ECL-NC,14,131,0.1850188563430717,56375.34914477425,b234
32340000442640,ECL-ELL,198,201,23.93216807366696,56461.14103652268,b234
32340000442853,ECL-NC,33,33,0.1049100519406339,-1.0,b234
32340000443162,ECL-C,110,109,0.1581669159860854,-1.0,b234
32340000445425,ECL-C,56,56,0.125626683584589,-1.0,b234
32340000445736,ECL-NC,68,67,0.1275871888670273,-1.0,b234
32340000445899,ECL-C,124,124,0.2572376513370624,-1.0,b234
32340000444722,ECL-NC,30,30,0.1055376664465224,-1.0,b234
32340000444918,ECL-NC,107,107,0.1053692934766678,-1.0,b234
32340000446334,ECL-C,130,129,0.1250074768695052,-1.0,b234
32340000446969,ECL-NC,115,113,0.3329157885063187,-1.0,b234
32340000449592,ECL-C,36,36,0.1030598700373506,-1.0,b234
32340000449631,ECL-ELL,49,132,0.4411125953566985,56379.307245136006,b234
32340000449782,ECL-ELL,62,62,0.3970642984767381,-1.0,b234
32340000450670,ECL-NC,93,93,0.2248082343665669,-1.0,b234
32340000452112,ECL-NC,45,45,0.1907364278136571,-1.0,b234
32340000453571,ECL-NC,20,133,4.547160817677734,56461.14103628558,b234
32340000455947,ECL-NC,38,37,0.5730886671038556,-1.0,b234
32340000456411,ECL-NC,73,72,0.1203106693396203,-1.0,b234
32340000456565,ECL-NC,201,200,1.1268807300346824,56159.592192973934,b234
32340000456721,ECL-NC,34,198,1.241179446574438,56421.768995164064,b234
32340000456866,ECL-C,107,107,0.1551870495369335,-1.0,b234
32340000459364,ECL-C,49,49,0.1370351949168726,-1.0,b234
32340000459400,ECL-NC,133,130,1.010061993885673,56159.59216390128,b234
32340000460079,ECL-NC,113,112,2.261791499744976,-1.0,b234
32340000460855,ECL-NC,21,134,0.3105310955764094,56461.141233313145,b234
32340000461460,ECL-C,64,63,0.2037848861692807,-1.0,b234
32340000464467,ECL-NC,132,132,0.1883145166050252,-1.0,b234
32340000463816,ECL-NC,137,135,0.1172752725836388,-1.0,b234
32340000463817,ECL-NC,126,124,0.1348610623324835,-1.0,b234
32340000463982,ECL-NC,38,132,0.2434940069886302,56379.42194477709,b234
32340000465915,ECL-C,88,88,0.2221146463911365,-1.0,b234
32340000466600,ECL-C,49,49,0.2258318706874226,-1.0,b234
32340000467639,ECL-NC,121,120,0.4912388869598527,-1.0,b234
32340000467877,ECL-NC,64,64,0.1128047454076946,-1.0,b234
32340000468460,ECL-C,34,34,0.1042221202741568,-1.0,b234
32340000468518,ECL-NC,47,46,0.2134506113437571,-1.0,b234
32340000469984,ECL-NC,134,133,0.5027064770424072,56267.2016396377,b234
32340000471221,ECL-C,145,143,0.1849418363768393,-1.0,b234
32340000473231,ECL-C,90,90,0.1658409467538232,-1.0,b234
32340000473346,ECL-NC,111,111,0.3173045987291054,-1.0,b234
32340000473349,ECL-NC,45,45,0.1363052712568686,-1.0,b234
32340000473490,RRLyr-RRab,16,133,0.7997268058563257,56461.141026056095,b234
32340000473505,ECL-NC,131,127,0.1071639720333977,-1.0,b234
32340000474578,ECL-NC,182,181,0.1208063412302365,-1.0,b234
32340000476673,ECL-NC,69,69,0.1426407206464404,-1.0,b234
32340000478343,ECL-C,123,121,0.1298215368729914,-1.0,b234
32340000479505,ECL-NC,133,132,0.4409874243966257,-1.0,b234
32340000480414,ECL-NC,133,131,0.2149762260520588,56115.14396213713,b234
32340000480946,RRLyr-RRab,54,134,0.5367977220069132,56421.76918066565,b234
32340000481192,ECL-C,156,156,0.1472052318370648,-1.0,b234
32340000481345,ECL-NC,93,92,0.1613917784972712,-1.0,b234
32340000481427,ECL-C,53,53,0.1107904228833575,-1.0,b234
32340000483074,ECL-NC,64,63,0.2544924719670447,-1.0,b234
32340000483655,ECL-ELL,135,132,27.70020110537182,56461.14062504934,b234
32340000484584,ECL-C,190,186,0.1328417768416058,-1.0,b234
32340000485487,ECL-NC,66,64,0.2817011555536422,-1.0,b234
32340000487578,ECL-NC,24,133,0.6086249217042722,56461.14062495504,b234
32340000488144,ECL-NC,56,56,0.1344352191088279,-1.0,b234
32340000490066,ECL-NC,84,83,0.1574856960611848,-1.0,b234
32340000491170,ECL-NC,87,87,0.8404532086785194,-1.0,b234
32340000491592,ECL-NC,119,131,0.1521980858191555,56461.14104246983,b234
32340000494881,ECL-NC,73,71,0.2827611623006477,56368.315856818896,b234
32340000495711,ECL-C,218,217,0.2034736928611816,-1.0,b234
32340000496500,ECL-NC,270,264,0.2413387377401448,56461.14163478873,b234
32340000496564,ECL-C,65,64,0.1088756855252645,-1.0,b234
32340000496573,RRLyr-RRab,12,265,0.5298433880813472,56461.14103161804,b234
32340000500043,ECL-NC,162,158,0.3834784683438602,-1.0,b234
32340000501424,ECL-NC,193,190,0.2199872785104508,-1.0,b234
32340000501957,ECL-NC,243,240,0.3220609380539094,-1.0,b234
32340000502855,ECL-NC,174,173,0.1502822997886246,-1.0,b234
32340000503066,RRLyr-RRab,21,126,0.5473534919168568,56461.14143850692,b234
32340000504477,RRLyr-RRc,36,133,0.3093257869359584,56421.770311583525,b234
32340000504522,ECL-NC,115,115,0.2358209906555226,-1.0,b234
32340000504771,ECL-NC,70,69,0.4951516414813915,-1.0,b234
32340000505341,ECL-NC,37,37,0.1557110660730458,-1.0,b234
32340000505569,ECL-C,81,81,0.2268371956000874,-1.0,b234
32340000505775,RRLyr-RRab,26,134,0.5841464204274782,56377.84147945497,b234
32340000506045,ECL-NC,41,40,0.4557577768588353,-1.0,b234
32340000507741,ECL-NC,89,118,1.0153410690273812,56379.30951102513,b234
32340000508723,ECL-NC,44,44,0.1304639144796965,-1.0,b234
32340000509430,ECL-NC,131,131,0.3155862932594181,-1.0,b234
32340000510347,ECL-NC,128,127,12.037489643635697,-1.0,b234
32340000510780,ECL-NC,132,129,0.1291973410484853,-1.0,b234
32340000511163,ECL-NC,32,134,0.9654077214831212,56379.42692822747,b234
32340000511557,ECL-C,93,92,0.3665492798246483,-1.0,b234
32340000512008,ECL-NC,81,81,0.1304626652005512,-1.0,b234
32340000513607,ECL-C,110,110,0.1384678137992046,-1.0,b234
32340000513054,ECL-C,65,65,0.2554184965208441,-1.0,b234
32340000514584,ECL-NC,96,95,0.3938110237909398,-1.0,b234
32340000515700,ECL-NC,123,121,0.4087971675201568,-1.0,b234
32340000517769,ECL-NC,70,69,0.7798614613411359,-1.0,b234
32340000518167,ECL-NC,56,56,0.1558510075409135,-1.0,b234
32340000518420,ECL-NC,204,196,0.1758392075856577,56421.77062957236,b234
32340000519505,ECL-NC,12,133,0.3836043230924805,56159.05592242332,b234
32340000521082,ECL-C,14,134,0.1056163272718016,56145.089700319295,b234
32340000521089,ECL-NC,121,121,0.150773160104753,-1.0,b234
32340000520312,ECL-NC,86,86,0.2564523070500337,-1.0,b234
32340000520618,ECL-NC,52,197,0.1674311233950363,56382.39877765135,b234
32340000521845,ECL-NC,122,120,0.5394060672387133,-1.0,b234
32340000521873,ECL-NC,121,121,0.3334633152793502,-1.0,b234
32340000521880,ECL-C,58,58,0.1678064285346282,-1.0,b234
32340000522093,ECL-NC,77,196,1.2802021356908435,56368.31658029066,b234
32340000522297,ECL-C,132,130,0.171938631332576,-1.0,b234
32340000523589,ECL-C,48,48,0.3324213087500879,-1.0,b234
32340000523796,ECL-C,113,113,0.2508367098445348,-1.0,b234
32340000524192,ECL-NC,104,103,0.2156922658566427,-1.0,b234
32340000525331,ECL-NC,131,131,1.6619387320009964,-1.0,b234
32340000525404,ECL-NC,130,129,0.1863164884431648,-1.0,b234
32340000526249,ECL-NC,100,99,0.2336289176921022,-1.0,b234
32340000527277,ECL-NC,101,100,0.1042280077109177,-1.0,b234
32340000527999,ECL-NC,134,134,0.2713404158572293,56269.721030806366,b234
32340000529397,ECL-NC,83,82,0.1065516865235708,-1.0,b234
32340000529938,ECL-NC,179,177,0.2040837807615463,-1.0,b234
32340000530119,RRLyr-RRab,23,133,0.5527725165080701,56369.36207365712,b234
32340000532094,ECL-NC,45,137,0.3197966075353211,56379.42610037889,b234
32340000530950,ECL-C,25,133,0.1820353320112875,56368.83893539477,b234
32340000531482,RRLyr-RRc,16,134,0.3012023553271039,56382.39909441808,b234
32340000533010,ECL-NC,113,129,89.12523635589547,56382.39844581196,b234
32340000533901,ECL-C,97,97,0.1340197683882037,-1.0,b234
32340000534983,ECL-NC,31,31,0.387956811893164,-1.0,b234
32340000535080,ECL-C,133,133,0.1622934491096685,-1.0,b234
32340000537444,ECL-NC,129,129,0.4904636179827608,-1.0,b234
32340000537821,ECL-NC,48,48,0.2603402224979176,-1.0,b234
32340000538600,ECL-NC,124,124,0.5108026063849986,-1.0,b234
32340000540017,ECL-NC,62,61,0.1406249707127833,-1.0,b234
32340000541095,ECL-NC,69,67,0.1040895311540011,-1.0,b234
32340000541122,ECL-NC,132,132,0.226017891682622,-1.0,b234
32340000541250,ECL-NC,87,87,0.2382614695860334,-1.0,b234
32340000541384,RRLyr-RRc,8,133,0.2814978229398012,56382.398764629244,b234
32340000541552,ECL-NC,31,132,0.6241462327929171,56159.05614280733,b234
32340000541862,RRLyr-RRc,87,132,0.248450739556654,56376.37189488708,b234
32340000544585,ECL-NC,84,84,0.3545492320065519,-1.0,b234
32340000545030,ECL-NC,67,65,0.3749356255796926,56138.10012071015,b234
32340000545548,ECL-NC,65,64,0.1333813646714367,-1.0,b234
32340000545690,RRLyr-RRab,40,66,0.4622815913815765,56421.7699729662,b234
32340000545914,ECL-NC,134,130,0.4590273745525509,-1.0,b234
32340000547654,ECL-NC,136,133,0.3138126603602024,-1.0,b234
32340000548189,RRLyr-RRab,12,134,0.7250433472656906,56382.39909815813,b234
32340000548274,RRLyr-RRc,99,133,0.3530858497313967,56382.39945127981,b234
32340000548489,ECL-NC,134,133,0.5855403352622849,-1.0,b234
32340000548605,ECL-NC,64,64,0.132860679760875,-1.0,b234
32340000548646,ECL-NC,49,133,0.5489971200850481,56376.37244765745,b234
32340000548805,ECL-NC,89,88,0.3260360782996034,-1.0,b234
32340000549131,ECL-NC,98,97,0.1088693630220751,-1.0,b234
32340000550210,ECL-NC,120,120,0.1114777095809744,-1.0,b234
32340000550432,ECL-NC,16,66,0.2602021905435444,56152.07109331585,b234
32340000550549,RRLyr-RRab,23,133,0.4516458226887238,56380.912053225424,b234
32340000551177,ECL-C,125,125,0.1344003209199544,-1.0,b234
32340000552263,ECL-ELL,24,134,7.373353511273885,56461.14183448969,b234
32340000553275,ECL-NC,33,131,0.147379705804086,56160.13058365928,b234
32340000553841,ECL-ELL,61,67,0.9975271733610998,56421.7699722645,b234
32340000553843,ECL-C,66,66,0.2677484796122762,-1.0,b234
32340000554069,ECL-NC,107,106,0.1465550687892829,-1.0,b234
32340000554224,ECL-C,59,58,0.1675790357387895,-1.0,b234
32340000555403,ECL-NC,121,121,1.4165340204318275,-1.0,b234
32340000555990,ECL-ELL,136,130,31.97458156843493,56421.770831326445,b234
32340000558624,ECL-C,133,133,0.2454165960216565,-1.0,b234
32340000557941,ECL-NC,133,128,0.9972073077891016,-1.0,b234
32340000558120,ECL-C,116,116,0.1001025094819139,-1.0,b234
32340000560903,ECL-NC,43,43,0.1133215479548744,-1.0,b234
32340000561274,ECL-NC,37,37,0.1159510340093947,-1.0,b234
32340000561422,ECL-C,35,35,0.1284781125362498,-1.0,b234
32340000561609,ECL-NC,97,96,0.1574325138596443,-1.0,b234
32340000562695,ECL-NC,119,118,0.4695447007629409,-1.0,b234
32340000563222,RRLyr-RRab,21,132,0.6558877927937128,56461.14182329431,b234
32340000563430,RRLyr-RRab,21,199,0.6194608904998087,56382.39840801468,b234
32340000563917,ECL-NC,196,196,0.1186118980881328,-1.0,b234
32340000565407,ECL-NC,16,133,0.1886459379729954,56382.3994111835,b234
32340000565426,ECL-NC,47,47,0.1034291321397102,-1.0,b234
32340000565495,ECL-NC,133,132,0.1065127143774628,-1.0,b234
32340000565559,ECL-NC,32,133,0.5450819360424825,56461.14183024539,b234
32340000565833,RRLyr-RRab,16,133,0.8434942879647928,56382.399424306335,b234
32340000567206,ECL-NC,48,47,1.4003233344602437,-1.0,b234
32340000567439,ECL-NC,105,104,0.1605967716205957,-1.0,b234
32340000568129,ECL-NC,66,66,0.3764949162687749,-1.0,b234
32340000568567,ECL-NC,133,130,0.3487151309982716,-1.0,b234
32340000568728,RRLyr-RRc,98,134,0.3450758298652228,56382.39943294914,b234
32340000571028,ECL-NC,124,123,0.4318177307931155,-1.0,b234
32340000571313,ECL-NC,44,44,0.1571220772232549,-1.0,b234
32340000571414,ECL-NC,63,62,0.1438442827021439,56114.6295286396,b234
32340000571794,ECL-NC,115,115,0.5788521582335833,-1.0,b234
32340000572783,ECL-NC,92,92,0.1105721891323599,-1.0,b234
32340000573300,ECL-NC,139,138,0.3891922814506756,-1.0,b234
32340000573576,ECL-NC,57,56,0.1061791589852854,-1.0,b234
32340000573650,ECL-C,131,130,0.1575815052490923,56115.14524417868,b234
32340000574156,ECL-C,191,190,0.1265530968095652,-1.0,b234
32340000575266,ECL-NC,104,102,0.2827954863748252,-1.0,b234
32340000575732,ECL-NC,134,133,0.2141663789008487,-1.0,b234
32340000578340,ECL-NC,56,56,0.6343366163324334,-1.0,b234
32340000578905,ECL-NC,21,133,2.6195218656209507,56421.77031023889,b234
32340000580315,ECL-NC,130,128,0.1243821426597242,-1.0,b234
32340000581835,ECL-C,112,110,0.2233596063124105,-1.0,b234
32340000582480,RRLyr-RRc,45,132,0.2844605976832788,56382.39939903575,b234
32340000582986,ECL-NC,39,198,0.1347168545721762,56379.425682377085,b234
32340000584562,ECL-NC,131,131,0.248868449722503,56115.14460149691,b234
32340000586349,RRLyr-RRc,123,200,0.2794729927002959,56375.35014309916,b234
32340000587611,ECL-C,110,109,0.9174395304370724,-1.0,b234
32340000588047,RRLyr-RRc,22,133,0.3400422758444397,56380.912498227975,b234
32340000589267,ECL-C,132,131,0.2664098093552121,-1.0,b234
32340000589776,RRLyr-RRab,21,132,0.556799390041425,56421.77026626957,b234
32340000589783,ECL-NC,126,124,1.1944359950197223,-1.0,b234
32340000589784,ECL-NC,46,45,0.2467151923568936,-1.0,b234
32340000590140,ECL-NC,136,127,0.1364756520354371,56382.39944732881,b234
32340000590151,ECL-NC,129,128,0.2497550118394828,-1.0,b234
32340000590790,RRLyr-RRc,32,133,0.291969160311234,56382.39872772925,b234
32340000590890,ECL-NC,99,99,0.969321695045586,-1.0,b234
32340000590897,ECL-NC,133,132,0.7417108481081228,-1.0,b234
32340000591457,RRLyr-RRab,17,66,0.5734057261433182,56421.76997445045,b234
32340000592023,ECL-NC,20,200,0.7208397491144265,56382.399459025,b234
32340000592899,ECL-C,86,85,0.1453488379626482,-1.0,b234
32340000593080,ECL-NC,134,141,0.107203428201566,56379.425320462826,b234
32340000593448,RRLyr-RRab,73,143,0.5480940849637875,56375.3502723272,b234
32340000594261,ECL-NC,67,66,0.5691426232309886,-1.0,b234
32340000595477,RRLyr-RRc,47,209,0.2745038531839678,56379.42526622608,b234
32340000596081,ECL-NC,186,186,0.1526117074242962,-1.0,b234
32340000597609,ECL-NC,104,103,0.2205752380018554,-1.0,b234
32340000597681,ECL-NC,263,260,0.3465895232579142,56114.62953036564,b234
32340000598076,RRLyr-RRab,20,395,0.509157471658038,56379.42189841734,b234
32340000598337,ECL-C,304,302,0.2312764345896112,-1.0,b234
32340000598974,ECL-C,226,225,0.2818469402131159,-1.0,b234
32340000599533,ECL-NC,94,94,0.4195577289912624,-1.0,b234
32340000600574,ECL-C,154,154,0.1316860891230883,-1.0,b234
32340000600798,ECL-NC,253,322,0.1011581298647223,56376.37207675399,b234
32340000601233,ECL-NC,65,257,1.5523728466576228,56538.02264789208,b234
32340000601984,ECL-NC,104,103,0.1452041137681392,-1.0,b234
32340000602664,ECL-ELL,132,128,0.2709698203145766,-1.0,b234
32340000602866,ECL-NC,130,128,0.6809381853182227,-1.0,b234
32340000603089,ECL-C,29,132,0.1201138271205112,56159.5918213438,b234
32340000604683,ECL-NC,13,66,0.2511339326160685,56382.39740578949,b234
32340000605024,ECL-NC,46,46,0.1147171269046553,-1.0,b234
32340000605149,ECL-NC,27,134,0.3937280462948865,56382.39735982166,b234
32340000605159,ECL-NC,30,64,0.8783760052547287,56368.83837517452,b234
32340000605241,ECL-NC,198,194,0.1691993563125702,-1.0,b234
32340000605400,ECL-NC,145,144,0.597203671664894,-1.0,b234
32340000605420,ECL-ELL,66,66,0.1643820214507998,-1.0,b234
32340000605988,ECL-NC,79,78,0.1150313209756749,-1.0,b234
32340000606238,ECL-NC,44,44,0.222804505256121,-1.0,b234
32340000606258,ECL-C,118,117,0.2365509536930888,-1.0,b234
32340000606714,ECL-NC,135,129,0.1088973366064166,56145.085468736674,b234
32340000606717,ECL-C,89,89,0.1958534857192644,-1.0,b234
32340000606743,ECL-NC,131,130,0.1009281369123075,-1.0,b234
32340000606804,ECL-NC,63,63,0.2750055839787391,-1.0,b234
32340000606808,RRLyr-RRab,32,132,0.524714908168539,56382.39734794923,b234
32340000607972,RRLyr-RRab,30,134,0.5548117158909887,56421.76834432072,b234
32340000610122,RRLyr-RRc,66,132,0.3798230599603704,56461.140621567305,b234
32340000610753,ECL-NC,114,113,2.395431627586412,-1.0,b234
32340000611526,ECL-NC,189,188,0.1671670105048935,-1.0,b234
32340000611852,ECL-NC,13,132,0.2587509548274781,56461.14104386537,b234
32340000612275,ECL-C,14,133,0.4780423044156564,56421.7689776745,b234
32340000612302,ECL-NC,113,113,0.1517967015715837,-1.0,b234
32340000612534,ECL-C,128,127,0.2038874372635138,-1.0,b234
32340000612547,ECL-C,47,47,0.1008761584760222,-1.0,b234
32340000612564,ECL-NC,26,131,1.1967353947591317,56368.31544393776,b234
32340000613097,RRLyr-RRc,28,134,0.3243464166111856,56382.39736051013,b234
32340000613305,ECL-NC,131,130,1.264062602177158,-1.0,b234
32340000614248,RRLyr-RRab,135,132,0.4188227970127354,56131.11336721599,b234
32340000614525,ECL-NC,70,70,0.1085702057388854,-1.0,b234
32340000614861,ECL-C,201,198,0.199687084372108,56119.63197515946,b234
32340000616151,ECL-NC,89,89,0.1953406296049442,-1.0,b234
32340000616612,ECL-NC,94,93,0.1006307784681038,-1.0,b234
32340000616676,ECL-NC,133,132,1.4075534740300886,-1.0,b234
32340000617307,ECL-NC,37,37,0.9970128640693812,-1.0,b234
32340000617398,ECL-NC,73,73,0.137963857142704,-1.0,b234
32340000617599,ECL-NC,80,134,1.8684063939475573,56461.14063468104,b234
32340000617624,ECL-NC,71,70,0.1102029689577962,-1.0,b234
32340000617646,ECL-NC,65,65,0.1557260914378425,-1.0,b234
32340000618347,RRLyr-RRc,27,67,0.3096853212239763,56421.76942175717,b234
32340000618848,ECL-NC,32,135,0.2806929156622098,56145.08526552984,b234
32340000619202,ECL-NC,130,127,1.3417291457446423,-1.0,b234
32340000619863,ECL-NC,16,132,2.288435938556119,56382.39736039546,b234
32340000620254,ECL-NC,114,113,0.1065224921678873,-1.0,b234
32340000620944,ECL-NC,84,133,7.805403028918029,56461.14124217619,b234
32340000621105,ECL-NC,65,65,0.1464767497684728,-1.0,b234
32340000621391,ECL-NC,202,197,1.273036608272357,56282.68512730976,b234
32340000621757,ECL-NC,119,119,0.1103562858576693,-1.0,b234
32340000622018,ECL-NC,41,41,0.2159569604553045,-1.0,b234
32340000622575,ECL-NC,114,112,0.3348765267925521,-1.0,b234
32340000623123,ECL-NC,66,133,0.2122312146113369,56380.910915978304,b234
32340000623239,ECL-C,131,131,0.1277406822273558,-1.0,b234
32340000623494,ECL-NC,31,31,0.2053048998818319,-1.0,b234
32340000623754,ECL-C,135,134,0.4763084679414975,56197.05402936236,b234
32340000623833,ECL-NC,32,32,0.2526564722971421,-1.0,b234
32340000623983,ECL-NC,114,113,0.1724410585649661,-1.0,b234
32340000624077,ECL-C,104,102,0.178631773220393,-1.0,b234
32340000624186,ECL-NC,130,129,0.1090221051797944,56005.38840209185,b234
32340000624798,ECL-NC,42,42,0.1827423657157609,-1.0,b234
32340000625001,ECL-C,20,200,0.1492265324080836,56379.30716699897,b234
32340000626121,ECL-NC,124,123,0.5240366575685951,-1.0,b234
32340000626631,ECL-NC,117,117,0.1722721769499459,56124.11958687895,b234
32340000626874,ECL-NC,130,130,0.7365552321837051,-1.0,b234
32340000627348,ECL-ELL,135,133,0.7477181719687158,56379.423695879486,b234
32340000627349,ECL-NC,106,106,0.1600098067338461,-1.0,b234
32340000627517,ECL-NC,117,116,0.2196399417989716,-1.0,b234
32340000627861,ECL-NC,126,126,0.2746491779205394,-1.0,b234
32340000627980,ECL-NC,195,201,0.1572175350719953,56461.140837945146,b234
32340000628044,ECL-ELL,125,131,0.9976344601509182,56461.1406229579,b234
32340000628963,ECL-NC,135,133,0.1576001436738151,-1.0,b234
32340000629063,ECL-NC,63,66,0.161537126702959,56461.141440749816,b234
32340000630383,RRLyr-RRc,62,131,0.2967640994849762,56421.76897704671,b234
32340000630423,ECL-NC,98,96,0.1493364326232709,-1.0,b234
32340000630538,ECL-ELL,134,132,167.63902768777257,56461.14082230911,b234
32340000632212,ECL-NC,45,45,0.1613219324420352,-1.0,b234
32340000633426,ECL-ELL,124,131,0.1231664078819229,56461.14062328385,b234
32340000633447,ECL-NC,73,73,0.2581206345543462,-1.0,b234
32340000633544,ECL-NC,77,76,0.5438421778698989,-1.0,b234
32340000633592,ECL-NC,83,83,0.1251827552900541,-1.0,b234
32340000634443,ECL-C,62,61,2.483474177992099,-1.0,b234
32340000634977,ECL-NC,108,134,0.3497746788945914,56421.76832812915,b234
32340000635571,ECL-NC,125,125,0.1567470707139236,-1.0,b234
32340000635928,ECL-NC,128,127,0.2939666499570632,-1.0,b234
32340000636226,ECL-C,66,66,0.1910187489723931,-1.0,b234
32340000636651,ECL-NC,19,130,0.3690738095349614,56199.04127284922,b234
32340000636832,ECL-ELL,76,132,0.3705404763396579,56379.42362297073,b234
32340000637730,ECL-NC,133,130,1.1575160826260875,-1.0,b234
32340000637846,ECL-NC,26,66,1.534741182171666,56368.31584610618,b234
32340000639689,ECL-NC,56,56,0.1130605059218756,-1.0,b234
32340000639769,ECL-NC,112,111,0.2661437102350418,-1.0,b234
32340000639811,RRLyr-RRab,36,131,0.4423471321056734,56379.30830397336,b234
32340000640332,RRLyr-RRab,26,134,0.5122901895014098,56421.76900709074,b234
32340000640441,ECL-NC,61,61,0.1000487898731265,-1.0,b234
32340000640673,ECL-NC,42,42,0.1149259291135308,-1.0,b234
32340000641253,ECL-NC,43,132,0.4533807431874088,56461.1412273755,b234
32340000642176,ECL-NC,55,55,0.1382204360988172,-1.0,b234
32340000642791,ECL-C,104,104,0.1821171455893957,-1.0,b234
32340000642832,ECL-NC,102,101,0.3683593887827703,-1.0,b234
32340000642882,ECL-ELL,24,132,3.112712288316427,56461.14062969224,b234
32340000642897,ECL-NC,123,123,0.3052550402046132,-1.0,b234
32340000643116,RRLyr-RRab,15,132,0.6197079207315355,56379.42365096791,b234
32340000643717,RRLyr-RRc,135,133,0.3151703556396378,56172.10880058563,b234
32340000644112,ECL-NC,123,122,0.1350700681989969,-1.0,b234
32340000648656,ECL-NC,132,130,1.1657646196103215,-1.0,b234
32340000649036,ECL-NC,118,118,0.1298721440717825,-1.0,b234
32340000649061,ECL-C,92,92,0.1618540137491707,-1.0,b234
32340000649849,ECL-C,69,69,0.1391891879092046,-1.0,b234
32340000650189,ECL-NC,113,112,0.2030881036181696,-1.0,b234
32340000651240,ECL-C,59,59,0.2058387075031141,-1.0,b234
32340000651268,ECL-NC,133,130,0.2843218029937427,-1.0,b234
32340000651306,RRLyr-RRc,29,131,0.3873974576502347,56380.910889096194,b234
32340000652104,RRLyr-RRab,26,134,0.9999880566262218,56461.140624144806,b234
32340000653041,RRLyr-RRc,30,133,0.3319321499507593,56382.39671249644,b234
32340000654677,ECL-NC,62,62,43.24460544079909,-1.0,b234
32340000655885,ECL-NC,67,66,0.732159585477155,56368.3158450236,b234
32340000656051,ECL-C,103,103,0.2102975221521136,-1.0,b234
32340000656420,RRLyr-RRab,27,66,0.6281827829796421,56382.39740737075,b234
32340000659406,ECL-NC,33,130,1.5549603818212887,56379.42409406896,b234
32340000659980,ECL-NC,61,61,0.2551820108754142,-1.0,b234
32340000660539,ECL-NC,83,82,0.1517432284492642,-1.0,b234
32340000660980,ECL-NC,132,131,0.11779972465318,-1.0,b234
32340000661006,ECL-NC,133,133,0.1242992878380455,-1.0,b234
32340000661134,ECL-NC,24,131,1.7607963113727807,56380.91025566807,b234
32340000661765,ECL-C,94,94,0.2477049194959629,-1.0,b234
32340000662238,ECL-C,132,129,0.129270801714707,56131.11337102564,b234
32340000662336,ECL-NC,153,151,0.2001285218149971,-1.0,b234
32340000662346,ECL-NC,66,65,0.1157323049364688,-1.0,b234
32340000662628,ECL-NC,102,102,0.1012063813054161,-1.0,b234
32340000663858,ECL-NC,32,31,0.1367988464959863,-1.0,b234
32340000664155,ECL-C,133,132,0.1542398387308489,-1.0,b234
32340000664382,ECL-C,180,180,0.2034248759141093,-1.0,b234
32340000664574,ECL-C,66,66,0.1367518428973067,-1.0,b234
32340000664920,ECL-NC,103,102,0.2268261634518734,-1.0,b234
32340000665092,ECL-C,66,66,0.1653791134075071,-1.0,b234
32340000665354,ECL-NC,191,186,1.143884250554,56115.1439709129,b234
32340000665398,ECL-NC,127,125,0.7442566475467544,-1.0,b234
32340000665896,RRLyr-RRc,68,111,0.3170457428309432,56368.83794202828,b234
32340000666319,ECL-NC,67,65,0.1333298794165679,56421.7694237854,b234
32340000666401,ECL-NC,114,112,0.1141777496834219,-1.0,b234
32340000666503,RRLyr-RRc,80,131,0.2969057918445845,56379.42273563748,b234
32340000666593,RRLyr-RRab,15,67,0.538471523892788,56421.76942105983,b234
32340000667015,ECL-NC,195,192,0.2092498458852542,-1.0,b234
32340000667622,ECL-NC,198,195,0.9179818010272432,-1.0,b234
32340000668419,ECL-NC,134,131,0.2491943823530835,56376.371083877,b234
32340000668743,ECL-NC,55,55,0.2642804715739417,-1.0,b234
32340000668119,ECL-NC,23,133,4.475144838102219,56461.1406233856,b234
32340000669115,RRLyr-RRab,19,197,0.5844762029465033,56461.14083026556,b234
32340000670444,ECL-NC,131,131,0.2755012268930089,-1.0,b234
32340000670828,ECL-NC,200,196,0.2048100066862007,56159.05536589487,b234
32340000671165,ECL-NC,20,132,0.717732604849531,56382.39605132507,b234
32340000671541,ECL-C,124,123,0.1122425952249728,-1.0,b234
32340000672147,ECL-NC,59,59,1.3425020830119911,-1.0,b234
32340000672640,ECL-NC,40,40,0.2242944417392726,-1.0,b234
32340000673107,ECL-NC,134,132,0.3263785204119224,56130.11441129369,b234
32340000674242,RRLyr-RRd,58,132,0.3543337291828649,56421.76900430523,b234
32340000674354,ECL-C,198,197,0.2289424999347349,-1.0,b234
32340000674504,ECL-C,84,84,0.1105734951589134,-1.0,b234
32340000676132,ECL-ELL,19,66,0.1840655677499904,56421.76942392941,b234
32340000677017,ECL-NC,31,130,1.280729920190765,56375.34870117835,b234
32340000679996,ECL-NC,76,194,0.7196715585392012,56461.14103300319,b234
32340000680039,ECL-NC,22,129,0.4806295641911471,56461.14062287469,b234
32340000679036,ECL-NC,22,136,0.2739632723515945,56379.42407167744,b234
32340000679411,ECL-NC,93,92,3.225779362351381,-1.0,b234
32340000680433,ECL-NC,53,53,0.2202416564975631,-1.0,b234
32340000682360,ECL-NC,128,127,0.7216765746916045,-1.0,b234
32340000682418,ECL-NC,110,110,1.034720503605904,-1.0,b234
32340000682619,ECL-NC,135,132,1.156224311924002,56159.055363591775,b234
32340000683180,ECL-NC,132,132,0.1933598109363973,-1.0,b234
32340000684428,ECL-NC,199,196,0.1849271655072048,56338.07147086121,b234
32340000685209,ECL-ELL,93,132,0.1476948529112598,56375.348727574295,b234
32340000685635,RRLyr-RRc,82,194,0.3364716804053064,56421.76900284415,b234
32340000685720,ECL-C,34,33,0.1548920017954973,-1.0,b234
32340000685937,ECL-NC,54,54,0.1130043123038097,-1.0,b234
32340000686660,ECL-NC,26,202,2.065860076632863,56382.39738822394,b234
32340000688196,ECL-NC,144,142,0.5039290404976157,56375.34866856824,b234
32340000689286,ECL-NC,247,247,0.3432469762201572,-1.0,b234
32340000689397,ECL-NC,40,262,0.181376897566123,56375.35045464339,b234
32340000690659,RRLyr-RRab,14,262,0.6325725942834769,56421.769866270304,b234
32340000691105,RRLyr-RRc,267,263,0.2533586945996459,56131.11399590362,b234
32340000692201,ECL-ELL,135,133,0.1242296947458921,56461.14144281281,b234
32340000692350,RRLyr-RRc,65,262,0.3229311032967295,56461.14144181757,b234
32340000691905,ECL-NC,33,33,0.1342571572168051,-1.0,b234
32340000692633,ECL-NC,243,242,0.1275049700890139,-1.0,b234
32340000693679,ECL-NC,200,197,0.2019620965259635,-1.0,b234
32340000694171,RRLyr-RRc,77,130,0.2636825785377208,56461.14164012199,b234
32340000694210,ECL-NC,162,162,0.1313706684895823,-1.0,b234
32340000695430,ECL-C,123,122,0.1674040086526793,-1.0,b234
32340000695449,ECL-C,127,127,0.189208642692287,-1.0,b234
32340000695748,ECL-C,252,250,0.1772329104759522,-1.0,b234
32340000695992,ECL-NC,131,131,0.1232640463798882,-1.0,b234
32340000694774,RRLyr-RRc,110,259,0.2535307290266642,56376.370613417566,b234
32340000696436,ECL-NC,57,57,0.1611880495003247,-1.0,b234
32340000697665,ECL-C,68,132,0.1820388798651921,56382.39942066703,b234
32340000697742,ECL-NC,204,198,56.64175832067527,56421.77062834981,b234
32340000698017,ECL-NC,23,132,0.1229941515854329,56380.912038695606,b234
32340000698032,ECL-ELL,200,195,0.5010584589418184,56461.14242812512,b234
32340000699016,RRLyr-RRc,15,198,0.3206213928202079,56382.39909388033,b234
32340000698414,ECL-NC,66,66,0.1279357861025764,-1.0,b234
32340000700454,ECL-NC,75,133,0.4748046261690945,56382.39941831882,b234
32340000700609,ECL-NC,16,134,0.3285983355598479,56461.14183397481,b234
32340000700865,ECL-C,197,194,0.364771295722598,56126.6557179567,b234
32340000701227,ECL-C,133,131,0.138379454283318,-1.0,b234
32340000703918,ECL-NC,69,69,0.4885619431726374,-1.0,b234
32340000704082,ECL-NC,66,66,0.2744389169004988,-1.0,b234
32340000704190,ECL-NC,130,128,0.1454939851519026,-1.0,b234
32340000704412,RRLyr-RRc,127,133,0.5212827365508693,56382.3990815096,b234
32340000704886,RRLyr-RRab,15,133,0.6355039042749819,56461.14222247073,b234
32340000705208,ECL-NC,125,123,0.2233488966821874,-1.0,b234
32340000705884,ECL-NC,43,42,0.1933156517214936,-1.0,b234
32340000705920,RRLyr-RRab,16,134,0.5885711784432627,56382.39938986301,b234
32340000706657,ECL-NC,27,67,0.6717159044060336,56379.31102499889,b234
32340000706987,ECL-NC,65,65,0.1323158266387601,-1.0,b234
32340000707455,ECL-C,65,65,0.2024077895018149,-1.0,b234
32340000708914,ECL-C,191,191,0.2582207194528763,-1.0,b234
32340000709629,ECL-C,199,196,0.1556117917883031,-1.0,b234
32340000709657,RRLyr-RRc,65,66,0.4031936560454814,56421.76996782328,b234
32340000710715,ECL-NC,131,128,2.2828324573239214,-1.0,b234
32340000710827,ECL-ELL,131,131,0.1230460879260502,-1.0,b234
32340000713034,ECL-NC,134,133,0.2645279656857567,56131.11379234095,b234
32340000711835,ECL-NC,136,130,1.0393336381425766,56461.141837039,b234
32340000712183,RRLyr-RRc,42,133,0.3214613878694825,56379.31026863885,b234
32340000712472,ECL-C,33,133,0.1673739908603814,56145.08673265837,b234
32340000711352,ECL-C,124,122,0.1175338867406305,-1.0,b234
32340000713249,RRLyr-RRab,24,133,0.5668179965599707,56382.39937420122,b234
32340000713904,ECL-NC,67,67,0.1245166585795376,56159.05573218734,b234
32340000713957,ECL-NC,64,63,0.137069430626263,-1.0,b234
32340000714673,ECL-NC,109,107,0.4286219545350577,-1.0,b234
32340000716586,ECL-NC,115,115,0.1969496939614503,-1.0,b234
32340000717812,ECL-C,89,89,0.2464283443126915,-1.0,b234
32340000718023,ECL-ELL,127,158,7.740606593028552,56376.372017155896,b234
32340000718608,ECL-NC,102,102,0.2917317229993744,-1.0,b234
32340000719283,RRLyr-RRab,37,147,0.7207283263460526,56499.582638701,b234
32340000719546,ECL-C,59,59,0.1316637323681337,-1.0,b234
32340000719841,ECL-NC,135,132,2.1442442272991493,56368.83932279796,b234
32340000720526,ECL-NC,35,35,0.1181261190975246,-1.0,b234
32340000720968,ECL-NC,130,130,0.7897025080311957,-1.0,b234
32340000721468,ECL-NC,95,95,0.4859901257459198,-1.0,b234
32340000721580,ECL-NC,133,133,0.3456643498778564,-1.0,b234
32340000721735,ECL-NC,82,82,0.249567802109381,-1.0,b234
32340000721892,ECL-NC,28,66,0.3688984405285113,56369.36198870541,b234
32340000722980,ECL-ELL,133,131,1.914831950713725,56369.36204001221,b234
32340000723551,ECL-C,139,139,0.2257224918020863,-1.0,b234
32340000723971,RRLyr-RRab,17,67,0.6383315705444931,56382.399364803234,b234
32340000724080,ECL-C,82,82,0.1310973396104145,-1.0,b234
32340000724927,ECL-NC,71,71,0.1107862809285454,-1.0,b234
32340000725039,ECL-NC,92,92,0.1478189136150014,-1.0,b234
32340000725209,ECL-C,97,97,0.241864449695724,-1.0,b234
32340000725759,ECL-NC,158,158,0.3191181172551445,-1.0,b234
32340000726035,ECL-NC,37,37,0.2508098073494451,-1.0,b234
32340000726596,ECL-NC,87,87,0.1313836257637021,-1.0,b234
32340000726979,ECL-C,130,130,0.1491501206691727,-1.0,b234
32340000727836,ECL-NC,96,105,0.1577174040459791,56376.37265953541,b234
32340000728150,ECL-ELL,80,133,2.5746771560250847,56382.39907899585,b234
32340000729172,ECL-NC,28,133,0.1763613548125264,56382.39941213007,b234
32340000729875,RRLyr-RRab,28,133,0.6254020694683924,56382.399100612805,b234
32340000730192,ECL-C,135,133,0.2397993904834304,56124.12114318792,b234
32340000730800,RRLyr-RRab,26,133,0.5385959984055653,56421.770261758174,b234
32340000732411,ECL-ELL,108,108,0.1087449140285537,-1.0,b234
32340000733721,ECL-NC,29,64,0.6259897812279508,56421.76996722384,b234
32340000734640,ECL-C,184,182,0.1701006103391307,-1.0,b234
32340000735142,RRLyr-RRc,25,132,0.3038524479657137,56421.77025908219,b234
32340000735782,ECL-C,160,159,0.1867044732953634,-1.0,b234
32340000736133,ECL-NC,13,133,0.1467072202237599,56382.39941672222,b234
32340000736474,ECL-ELL,134,133,0.3839993365080478,56368.31657905295,b234
32340000736511,ECL-C,13,133,0.2500161818282354,56461.1418320857,b234
32340000736577,ECL-C,74,74,0.1406313352051259,-1.0,b234
32340000736713,ECL-NC,122,121,0.3729710688901597,-1.0,b234
32340000736745,ECL-NC,43,43,0.109304441253967,-1.0,b234
32340000737255,ECL-NC,108,108,0.1074715004104585,-1.0,b234
32340000737720,ECL-ELL,11,66,5.615067408547785,56461.141839936274,b234
32340000737922,ECL-NC,22,133,0.3832732789962577,56376.37227684722,b234
32340000738177,ECL-NC,66,66,0.3081807124217558,-1.0,b234
32340000739427,ECL-NC,76,75,4.45376800261673,-1.0,b234
32340000739488,RRLyr-RRc,35,65,0.269934268677093,56421.76996933357,b234
32340000739867,ECL-NC,95,94,0.1272560398615452,-1.0,b234
32340000740029,ECL-NC,116,115,0.1270531668182494,-1.0,b234
32340000740740,ECL-C,132,133,0.9967808740583152,56421.77082420433,b234
32340000741326,RRLyr-RRab,16,133,0.5951830966781708,56382.39936817178,b234
32340000742339,ECL-NC,79,79,0.1171029063778059,-1.0,b234
32340000742844,ECL-NC,134,133,0.2489681161446557,56124.1207757272,b234
32340000742938,ECL-NC,45,45,0.1324507838252463,-1.0,b234
32340000743078,ECL-NC,114,113,0.1993583091649509,-1.0,b234
32340000743082,RRLyr-RRab,154,154,0.9642099964228412,-1.0,b234
32340000743288,ECL-C,131,131,0.2424745245615953,-1.0,b234
32340000743911,ECL-C,49,48,0.1362600775921502,-1.0,b234
32340000744924,ECL-NC,125,125,0.1297077168110994,-1.0,b234
32340000747542,ECL-C,103,103,0.2666764713326507,-1.0,b234
32340000747756,ECL-NC,116,115,0.1688652971493057,-1.0,b234
32340000750396,ECL-NC,130,127,0.1574218521244542,56368.83872678457,b234
32340000753941,ECL-NC,41,41,0.1343801132053359,-1.0,b234
32340000754025,ECL-NC,132,134,4.321659951285661,56461.14182999603,b234
32340000754376,ECL-NC,36,36,1.2567814362283938,-1.0,b234
32340000755369,RRLyr-RRc,36,134,0.2730086921385703,56380.91281199399,b234
32340000755423,ECL-NC,65,63,0.2107584714481832,-1.0,b234
32340000755526,ECL-NC,57,57,0.1181594277016302,-1.0,b234
32340000755630,ECL-NC,61,60,0.1454463016363663,-1.0,b234
32340000755694,ECL-NC,43,43,0.1481783290566713,-1.0,b234
32340000756489,ECL-ELL,132,131,0.163928327187565,-1.0,b234
32340000756512,ECL-NC,134,134,0.2613838496740609,56115.14525290376,b234
32340000758182,ECL-NC,200,198,0.2859172393994277,56115.14504020055,b234
32340000759307,ECL-C,128,128,0.214009085866476,-1.0,b234
32340000761598,ECL-NC,32,32,0.3851469652583008,-1.0,b234
32340000761864,ECL-NC,84,84,0.1577200771386341,-1.0,b234
32340000761959,ECL-NC,50,50,0.2093483872485526,-1.0,b234
32340000762522,ECL-NC,99,98,0.1640205982639587,-1.0,b234
32340000763195,ECL-NC,84,132,0.2142155794153507,56375.35013153398,b234
32340000763646,ECL-NC,132,130,0.1097044662071048,-1.0,b234
32340000763747,ECL-C,128,127,0.2317994462399468,-1.0,b234
32340000764011,ECL-ELL,204,199,0.2143781480332248,56421.77061133535,b234
32340000764733,ECL-ELL,52,198,5.69741079454599,56461.14182712246,b234
32340000764883,ECL-NC,94,131,0.6721518640599657,56375.35012936147,b234
32340000765279,ECL-C,49,48,0.1532415530954409,-1.0,b234
32340000765645,ECL-C,37,37,0.2607042057929133,-1.0,b234
32340000765953,ECL-NC,55,55,0.1947681655034226,-1.0,b234
32340000767693,RRLyr-RRab,16,133,0.5533301617577314,56382.399382071846,b234
32340000768362,T2Cep-WVir,34,133,19.40090179223517,56421.77061927131,b234
32340000769321,ECL-C,131,130,0.2523232069905438,-1.0,b234
32340000769512,ECL-NC,113,113,0.2092779878502881,-1.0,b234
32340000770197,ECL-NC,133,129,0.2790882143770598,-1.0,b234
32340000770672,ECL-NC,133,132,0.34323409054494,56727.399749872544,b234
32340000771024,RRLyr-RRab,27,133,0.6205738971548667,56382.39874643034,b234
32340000771201,ECL-NC,153,153,0.1128129395668803,-1.0,b234
32340000771248,ECL-NC,27,133,4.529489471768719,56421.77028778121,b234
32340000772043,ECL-NC,132,131,0.1342416575283289,-1.0,b234
32340000772733,RRLyr-RRab,23,132,0.6404363099270313,56379.426901568666,b234
32340000773288,ECL-C,159,158,0.2313681291377264,-1.0,b234
32340000773391,ECL-NC,62,62,0.4883315957004345,-1.0,b234
32340000773508,RRLyr-RRab,40,196,0.4589596994849286,56382.39804780029,b234
32340000773526,ECL-NC,120,133,0.4925361826041541,56421.7703043237,b234
32340000774173,ECL-NC,26,133,1.3031026826271743,56382.39943103916,b234
32340000774565,ECL-NC,119,119,0.3785738296574825,-1.0,b234
32340000775182,ECL-NC,197,194,2.2940656639868577,-1.0,b234
32340000775265,ECL-NC,90,89,0.1279685649224224,-1.0,b234
32340000777625,ECL-NC,63,67,0.1321095656467391,56421.76996562076,b234
32340000777673,ECL-NC,37,37,0.1034095943225266,-1.0,b234
32340000778890,ECL-NC,132,131,0.6475073611856413,-1.0,b234
32340000779427,ECL-NC,133,132,0.1896357685093246,-1.0,b234
32340000779783,ECL-NC,196,196,0.197642714763851,-1.0,b234
32340000780604,ECL-ELL,176,175,0.3954143105966538,56089.28513810637,b234
32340000780891,ECL-NC,104,102,0.1878516414898128,-1.0,b234
32340000784254,ECL-C,33,200,0.2286617433810833,56379.31069198284,b234
32340000781861,ECL-NC,55,67,0.1501515808221763,56380.91308994137,b234
32340000782128,ECL-C,15,66,0.1404597432916698,56376.37189127519,b234
32340000782245,ECL-NC,134,134,1.654859548518386,56159.05620882747,b234
32340000782274,ECL-NC,186,185,0.220189716012063,-1.0,b234
32340000782984,ECL-NC,191,187,0.2444002632855983,-1.0,b234
32340000783068,ECL-NC,51,51,0.1082713866596127,-1.0,b234
32340000783136,ECL-NC,65,63,0.2256896078275464,-1.0,b234
32340000783479,ECL-NC,134,134,0.6669594898025369,56159.05638891086,b234
32340000786686,ECL-NC,63,63,0.2067181702081323,-1.0,b234
32340000785685,ECL-ELL,32,132,0.2142303453126231,56382.39874129617,b234
32340000788280,ECL-NC,78,78,0.7033318955606216,-1.0,b234
32340000788600,ECL-NC,112,110,0.1883411136965067,-1.0,b234
32340000787250,ECL-C,107,106,0.2311100767137615,-1.0,b234
32340000787477,ECL-NC,130,128,1.699189226170512,-1.0,b234
